{
    "scalars" : {
        "nq" : 8,
        "lrgs" : 20,
        "t" : 100.0,
        "dt" : 0.1,
	"print": false
    },
    "coefficients" : {
        // "alpha" : [-1.0, -1.0, -1.0, -1.0,  1.0,  1.0,  1.0,  1.0],
        "alpha" : [1.0, 1.0, 1.0, 1.0,  -1.0,  -1.0,  -1.0,  -1.0],
	"beta" : [1,0,1,1,0,0,0,1,0,0,1,0,0,1,0,0,1,0,0,0,0,1,0,0,0,0,0,0],
        // "beta" : [-1.0, 0, -1.0, -1.0, 0, 0, 0, 1.0, 0, 0, -1.0, 0, 0, -1.0, 0, 0, -1.0, 0, 0, 0, 0, -1.0, 0, 0, 0, 0, 0, 0],
        "delta" : [1.0, 1.0, 1.0, 1.0, 1.0, 1.0, 1.0, 1.0]
    }
}


/*
Expected output:
000000007.35403647E-02
000000016.50533166E-02
000010006.50533166E-02
000000106.50533166E-02
000001006.50533166E-02
000001105.97754366E-02
000000115.97754366E-02
000011005.97754366E-02
000010015.97754366E-02
000011115.88691601E-02
000010105.77314002E-02
000001015.77314002E-02
000010115.65747551E-02
000011105.65747551E-02
000011015.65747551E-02
000001115.65747551E-02
111111112.00692400E-02
110011113.45373400E-04
001111113.45373400E-04
011011113.45373400E-04
100111113.45373400E-04
100011111.99425916E-04
001011111.99425916E-04
000111111.99425916E-04
010011111.99425916E-04
011001111.82304941E-04
100111011.82304941E-04
110011101.82304941E-04
011011101.82304941E-04
001101111.82304941E-04
100110111.82304941E-04
110011011.82304941E-04
001110111.82304941E-04
100110011.34032000E-04
001100111.34032000E-04
110011001.34032000E-04
011001101.34032000E-04
011101111.16495720E-04
111011101.16495720E-04
110111011.16495720E-04
101110111.16495720E-04
001001111.10647951E-04
000110111.10647951E-04
010011101.10647951E-04
100011011.10647951E-04
011111111.06886655E-04
110111111.06886655E-04
111011111.06886655E-04
101111111.06886655E-04
000101116.26242883E-05
001010116.26242883E-05
010001116.26242883E-05
010011016.26242883E-05
100011106.26242883E-05
100010116.26242883E-05
001011106.26242883E-05
000111016.26242883E-05
001001103.04783568E-05
000100113.04783568E-05
100011003.04783568E-05
001000113.04783568E-05
000110013.04783568E-05
100010013.04783568E-05
010001103.04783568E-05
010011003.04783568E-05
001010103.02115870E-05
100010103.02115870E-05
010001013.02115870E-05
000101013.02115870E-05
000100016.29227795E-06
001000106.29227795E-06
010001006.29227795E-06
100010006.29227795E-06
111110113.49856552E-06
111111013.49856552E-06
111111103.49856552E-06
111101113.49856552E-06
010010108.90099875E-07
001001018.90099875E-07
000110108.90099875E-07
100001018.90099875E-07
011111016.47722394E-07
101111106.47722394E-07
110101116.47722394E-07
111010116.47722394E-07
001111106.27729127E-07
011011016.27729127E-07
100101116.27729127E-07
110010116.27729127E-07
001111016.27729127E-07
011010116.27729127E-07
100111106.27729127E-07
110001116.27729127E-07
100101016.05368959E-07
001110106.05368959E-07
110001016.05368959E-07
110010106.05368959E-07
011010106.05368959E-07
001101016.05368959E-07
011001016.05368959E-07
100110106.05368959E-07
000111105.74578682E-07
010010115.74578682E-07
001011015.74578682E-07
100001115.74578682E-07
000100003.11216775E-07
010000003.11216775E-07
100000003.11216775E-07
001000003.11216775E-07
000100102.46548066E-07
000110002.46548066E-07
010000102.46548066E-07
100000012.46548066E-07
001000012.46548066E-07
010010002.46548066E-07
001001002.46548066E-07
100001002.46548066E-07
101010102.28880130E-07
010101012.28880130E-07
000101002.16019836E-07
100000102.16019836E-07
001010002.16019836E-07
010000012.16019836E-07
011001002.06631572E-07
001100012.06631572E-07
110001002.06631572E-07
001100102.06631572E-07
100110002.06631572E-07
100100012.06631572E-07
011000102.06631572E-07
110010002.06631572E-07
110010011.57357039E-07
001101101.57357039E-07
011000111.57357039E-07
011011001.57357039E-07
100100111.57357039E-07
001110011.57357039E-07
100111001.57357039E-07
110001101.57357039E-07
011110111.44855222E-07
111011011.44855222E-07
110111101.44855222E-07
110110111.44855222E-07
101111011.44855222E-07
011111101.44855222E-07
111001111.44855222E-07
101101111.44855222E-07
010101111.34011631E-07
010111011.34011631E-07
101011101.34011631E-07
101010111.34011631E-07
111110101.15057133E-07
111101011.15057133E-07
010000111.10486613E-07
010010011.10486613E-07
000101101.10486613E-07
100000111.10486613E-07
000111001.10486613E-07
100001101.10486613E-07
001011001.10486613E-07
001010011.10486613E-07
110101011.07622965E-07
101110101.07622965E-07
011101011.07622965E-07
111010101.07622965E-07
101011116.09820058E-08
010111116.09820058E-08
101110015.29802065E-08
110111005.29802065E-08
111011005.29802065E-08
011101105.29802065E-08
011100115.29802065E-08
101100115.29802065E-08
110110015.29802065E-08
111001105.29802065E-08
111110012.99410351E-08
111101102.99410351E-08
111111002.99410351E-08
111100112.99410351E-08
001100007.86997635E-10
110000007.86997635E-10
100100007.86997635E-10
011000007.86997635E-10
100100104.09731900E-10
011000014.09731900E-10
001110004.09731900E-10
110000104.09731900E-10
110000014.09731900E-10
011010004.09731900E-10
100101004.09731900E-10
001101004.09731900E-10
111001003.79844083E-10
011100103.79844083E-10
101100013.79844083E-10
110110003.79844083E-10
101011013.76775826E-10
010111103.76775826E-10
010110113.76775826E-10
101001113.76775825E-10
011010013.42697324E-10
100101103.42697324E-10
001111003.42697324E-10
110000113.42697324E-10
111101002.72471913E-10
111110002.72471913E-10
111100102.72471913E-10
111100012.72471913E-10
101100101.24828412E-10
111010001.24828412E-10
110101001.24828412E-10
111000101.24828412E-10
011101001.24828412E-10
110100011.24828412E-10
101110001.24828412E-10
011100011.24828412E-10
011111001.16789431E-10
011110011.16789431E-10
101111001.16789431E-10
110101101.16789431E-10
111000111.16789431E-10
110100111.16789431E-10
111010011.16789431E-10
101101101.16789431E-10
101000105.24098793E-11
101010005.24098793E-11
010100015.24098793E-11
010101005.24098793E-11
011110102.66198126E-11
101101012.66198126E-11
111001012.66198126E-11
110110102.66198126E-11
101001012.19220045E-11
010110102.19220045E-11
101011001.63249364E-11
010110011.63249364E-11
101000111.63249364E-11
101010011.63249364E-11
010111001.63249364E-11
010100111.63249364E-11
101001101.63249364E-11
010101101.63249364E-11
010100103.69101781E-12
010110003.69101781E-12
101000013.69101781E-12
101001003.69101781E-12
010100001.91260723E-12
101000001.91260723E-12
111100005.74059807E-13
101100001.64585911E-13
110100001.64585911E-13
111000001.64585911E-13
011100001.64585911E-13
110100107.33912033E-14
011110007.33912032E-14
111000017.33912032E-14
101101007.33912032E-14
*/
