{
    "scalars" : {
        "nq" : 20,
        "lrgs" : 10,
        "t" : 10.0,
        "dt" : 0.1
    },
    "coefficients" : {
        "alpha" : [1, 1, -1, -1, 1, -1, 1, -1, -1, 1, 1, 1, -1, 1, 1, -1, 1, 1, 1, 1],
        "beta" : [0.0, -0.10000000000000001, 0.0, 0.10000000000000001, 0.0, 0.10000000000000001, -0.10000000000000001, 0.0, -0.10000000000000001, 0.0, 0.0, 0.10000000000000001, 0.0, -0.10000000000000001, 0.0, 0.0, 0.0, -0.10000000000000001, -0.10000000000000001, 0.0, 0.10000000000000001, 0.0, -0.10000000000000001, 0.0, 0.0, 0.10000000000000001, 0.0, -0.10000000000000001, 0.10000000000000001, 0.0, 0.10000000000000001, 0.0, -0.10000000000000001, 0.10000000000000001, -0.10000000000000001, 0.0, 0.0, 0.0, -0.10000000000000001, 0.0, -0.10000000000000001, 0.10000000000000001, 0.0, 0.10000000000000001, 0.0, 0.0, -0.10000000000000001, 0.0, 0.10000000000000001, 0.0, 0.0, 0.0, 0.10000000000000001, 0.10000000000000001, 0.0, -0.10000000000000001, 0.0, 0.0, 0.10000000000000001, 0.0, -0.10000000000000001, 0.10000000000000001, 0.0, 0.10000000000000001, 0.0, -0.10000000000000001, 0.10000000000000001, -0.10000000000000001, 0.0, 0.0, 0.0, 0.10000000000000001, -0.10000000000000001, 0.0, -0.10000000000000001, 0.0, 0.0, 0.10000000000000001, 0.0, -0.10000000000000001, 0.0, 0.0, 0.0, -0.10000000000000001, -0.10000000000000001, 0.0, 0.0, -0.10000000000000001, 0.0, 0.10000000000000001, -0.10000000000000001, 0.0, -0.10000000000000001, 0.0, 0.10000000000000001, -0.10000000000000001, 0.10000000000000001, 0.0, 0.0, -0.10000000000000001, 0.0, -0.10000000000000001, 0.0, 0.0, 0.10000000000000001, 0.0, -0.10000000000000001, 0.0, 0.0, 0.0, -0.10000000000000001, -0.10000000000000001, 0.0, 0.10000000000000001, 0.0, 0.0, -0.10000000000000001, 0.0, 0.10000000000000001, 0.0, 0.0, 0.0, 0.10000000000000001, 0.10000000000000001, 0.0, -0.10000000000000001, 0.10000000000000001, 0.0, 0.10000000000000001, 0.0, -0.10000000000000001, 0.10000000000000001, -0.10000000000000001, 0.0, 0.0, 0.0, 0.0, -0.10000000000000001, 0.0, 0.10000000000000001, 0.0, 0.0, 0.0, 0.10000000000000001, 0.10000000000000001, -0.10000000000000001, 0.0, -0.10000000000000001, 0.0, 0.10000000000000001, -0.10000000000000001, 0.10000000000000001, 0.0, 0.0, 0.0, 0.10000000000000001, 0.0, -0.10000000000000001, 0.10000000000000001, -0.10000000000000001, 0.0, 0.0, 0.0, -0.10000000000000001, 0.0, 0.0, 0.0, -0.10000000000000001, -0.10000000000000001, 0.0, -0.10000000000000001, 0.10000000000000001, -0.10000000000000001, 0.0, 0.0, 0.0, 0.0, 0.0, 0.10000000000000001, 0.10000000000000001, -0.10000000000000001, 0.10000000000000001, 0.0, 0.0, -0.10000000000000001, 0.0, 0.0, 0.0, 0.0, 0.10000000000000001],
        "delta" : [1.0, 1.0, 1.0, 1.0, 1.0, 1.0, 1.0, 1.0, 1.0, 1.0, 1.0, 1.0, 1.0, 1.0, 1.0, 1.0, 1.0, 1.0, 1.0, 1.0]
    }
}
