{
    "scalars" : {
        "nq" : 28,
        "lrgs" : 10,
        "t" : 10.0,
        "dt" : 0.1
    },
    "coefficients" : {
        "alpha" : [1, 1, -1, -1, 1, -1, 1, -1, -1, 1, 1, 1, -1, 1, 1, -1, 1, 1, 1, 1, -1, 1, 1, 1, -1, -1, -1, 1],
        "beta" : [-0.035714285714285712, -0.035714285714285712, 0.035714285714285712, -0.035714285714285712, 0.035714285714285712, 0.035714285714285712, -0.035714285714285712, -0.035714285714285712, 0.035714285714285712, 0.035714285714285712, 0.10714285714285714, -0.035714285714285712, -0.035714285714285712, 0.10714285714285714, -0.035714285714285712, -0.035714285714285712, 0.035714285714285712, -0.035714285714285712, 0.10714285714285714, -0.10714285714285714, -0.035714285714285712, 0.035714285714285712, -0.10714285714285714, -0.035714285714285712, -0.10714285714285714, -0.035714285714285712, 0.10714285714285714, -0.035714285714285712, 0.035714285714285712, -0.035714285714285712, 0.035714285714285712, 0.035714285714285712, -0.035714285714285712, 0.10714285714285714, -0.10714285714285714, 0.035714285714285712, -0.035714285714285712, -0.035714285714285712, -0.035714285714285712, -0.035714285714285712, -0.035714285714285712, -0.035714285714285712, 0.035714285714285712, -0.035714285714285712, -0.035714285714285712, 0.035714285714285712, 0.10714285714285714, 0.035714285714285712, 0.035714285714285712, -0.035714285714285712, 0.035714285714285712, 0.10714285714285714, -0.035714285714285712, 0.035714285714285712, 0.10714285714285714, 0.035714285714285712, 0.035714285714285712, 0.10714285714285714, -0.035714285714285712, 0.035714285714285712, 0.035714285714285712, -0.035714285714285712, 0.10714285714285714, -0.035714285714285712, -0.035714285714285712, -0.035714285714285712, 0.10714285714285714, 0.035714285714285712, -0.035714285714285712, -0.035714285714285712, 0.035714285714285712, -0.035714285714285712, 0.035714285714285712, 0.035714285714285712, 0.10714285714285714, 0.035714285714285712, -0.035714285714285712, -0.035714285714285712, 0.035714285714285712, 0.10714285714285714, 0.10714285714285714, 0.035714285714285712, 0.035714285714285712, -0.035714285714285712, 0.10714285714285714, 0.035714285714285712, 0.035714285714285712, -0.10714285714285714, 0.035714285714285712, -0.10714285714285714, 0.035714285714285712, 0.10714285714285714, -0.10714285714285714, 0.035714285714285712, -0.035714285714285712, 0.035714285714285712, 0.10714285714285714, -0.035714285714285712, 0.035714285714285712, -0.035714285714285712, 0.035714285714285712, 0.035714285714285712, 0.035714285714285712, 0.035714285714285712, 0.10714285714285714, -0.035714285714285712, 0.035714285714285712, 0.035714285714285712, -0.035714285714285712, 0.10714285714285714, -0.035714285714285712, -0.035714285714285712, -0.035714285714285712, 0.10714285714285714, 0.035714285714285712, -0.035714285714285712, -0.035714285714285712, 0.035714285714285712, -0.035714285714285712, 0.035714285714285712, 0.035714285714285712, 0.10714285714285714, 0.035714285714285712, -0.035714285714285712, -0.035714285714285712, 0.10714285714285714, 0.035714285714285712, 0.035714285714285712, -0.035714285714285712, 0.10714285714285714, 0.035714285714285712, 0.035714285714285712, -0.10714285714285714, 0.035714285714285712, -0.10714285714285714, 0.035714285714285712, 0.10714285714285714, -0.10714285714285714, 0.035714285714285712, -0.035714285714285712, 0.035714285714285712, 0.10714285714285714, -0.035714285714285712, 0.035714285714285712, -0.035714285714285712, 0.035714285714285712, 0.035714285714285712, 0.035714285714285712, 0.035714285714285712, -0.035714285714285712, 0.10714285714285714, 0.035714285714285712, 0.035714285714285712, -0.10714285714285714, 0.035714285714285712, -0.10714285714285714, 0.035714285714285712, 0.10714285714285714, -0.10714285714285714, 0.035714285714285712, -0.035714285714285712, 0.035714285714285712, 0.10714285714285714, -0.035714285714285712, 0.035714285714285712, -0.035714285714285712, 0.035714285714285712, 0.035714285714285712, -0.035714285714285712, 0.035714285714285712, 0.035714285714285712, -0.035714285714285712, 0.10714285714285714, -0.035714285714285712, -0.035714285714285712, -0.035714285714285712, 0.10714285714285714, 0.035714285714285712, -0.035714285714285712, -0.035714285714285712, 0.035714285714285712, -0.035714285714285712, 0.035714285714285712, 0.035714285714285712, 0.10714285714285714, 0.035714285714285712, -0.035714285714285712, -0.035714285714285712, -0.10714285714285714, 0.035714285714285712, -0.035714285714285712, -0.035714285714285712, -0.035714285714285712, -0.035714285714285712, -0.035714285714285712, -0.035714285714285712, 0.035714285714285712, -0.035714285714285712, -0.035714285714285712, 0.035714285714285712, 0.10714285714285714, 0.035714285714285712, 0.035714285714285712, -0.035714285714285712, 0.035714285714285712, 0.10714285714285714, -0.035714285714285712, -0.035714285714285712, 0.035714285714285712, 0.035714285714285712, 0.035714285714285712, 0.035714285714285712, 0.035714285714285712, 0.035714285714285712, -0.035714285714285712, 0.035714285714285712, 0.035714285714285712, -0.035714285714285712, -0.10714285714285714, -0.035714285714285712, -0.035714285714285712, 0.035714285714285712, -0.035714285714285712, -0.10714285714285714, 0.035714285714285712, 0.035714285714285712, 0.035714285714285712, -0.10714285714285714, 0.035714285714285712, -0.10714285714285714, 0.035714285714285712, 0.10714285714285714, -0.10714285714285714, 0.035714285714285712, -0.035714285714285712, 0.035714285714285712, 0.10714285714285714, -0.035714285714285712, 0.035714285714285712, -0.035714285714285712, 0.035714285714285712, 0.035714285714285712, -0.035714285714285712, -0.035714285714285712, 0.10714285714285714, -0.035714285714285712, -0.035714285714285712, 0.035714285714285712, -0.035714285714285712, 0.10714285714285714, -0.10714285714285714, -0.035714285714285712, 0.035714285714285712, -0.10714285714285714, -0.035714285714285712, -0.10714285714285714, -0.035714285714285712, 0.10714285714285714, -0.035714285714285712, -0.035714285714285712, -0.035714285714285712, 0.10714285714285714, 0.035714285714285712, -0.035714285714285712, -0.035714285714285712, 0.035714285714285712, -0.035714285714285712, 0.035714285714285712, 0.035714285714285712, 0.10714285714285714, 0.035714285714285712, -0.035714285714285712, -0.035714285714285712, -0.035714285714285712, 0.10714285714285714, -0.035714285714285712, -0.10714285714285714, 0.10714285714285714, -0.035714285714285712, 0.035714285714285712, -0.035714285714285712, -0.10714285714285714, 0.035714285714285712, -0.035714285714285712, 0.035714285714285712, -0.035714285714285712, -0.035714285714285712, -0.035714285714285712, -0.035714285714285712, 0.035714285714285712, -0.035714285714285712, 0.10714285714285714, -0.10714285714285714, -0.035714285714285712, 0.035714285714285712, -0.10714285714285714, -0.035714285714285712, -0.10714285714285714, -0.035714285714285712, 0.10714285714285714, -0.035714285714285712, -0.10714285714285714, 0.10714285714285714, -0.035714285714285712, 0.035714285714285712, -0.035714285714285712, -0.10714285714285714, 0.035714285714285712, -0.035714285714285712, 0.035714285714285712, -0.035714285714285712, -0.035714285714285712, 0.035714285714285712, -0.035714285714285712, -0.035714285714285712, 0.035714285714285712, -0.035714285714285712, 0.035714285714285712, 0.035714285714285712, 0.10714285714285714, 0.035714285714285712, -0.035714285714285712, -0.035714285714285712, -0.10714285714285714, 0.035714285714285712, -0.035714285714285712, 0.035714285714285712, 0.10714285714285714, -0.035714285714285712, 0.035714285714285712, -0.035714285714285712, 0.035714285714285712, 0.035714285714285712, -0.035714285714285712, 0.035714285714285712, -0.035714285714285712, -0.10714285714285714, 0.035714285714285712, -0.035714285714285712, 0.035714285714285712, -0.035714285714285712, -0.035714285714285712, -0.10714285714285714, -0.035714285714285712, 0.035714285714285712, -0.10714285714285714, -0.035714285714285712, 