{
    "scalars" : {
        "nq" : 30,
        "lrgs" : 10,
        "t" : 10.0,
        "dt" : 0.1
    },
    "coefficients" : {
        "alpha" : [1, 1, -1, -1, 1, -1, 1, -1, -1, 1, 1, 1, -1, 1, 1, -1, 1, 1, 1, 1, -1, 1, 1, 1, -1, -1, -1, 1, 1, 1],
        "beta" : [0.0, 0.0, 0.066666666666666666, 0.0, 0.0, 0.066666666666666666, -0.066666666666666666, 0.0, -0.13333333333333333, 0.066666666666666666, 0.066666666666666666, -0.066666666666666666, 0.066666666666666666, -0.066666666666666666, -0.13333333333333333, 0.066666666666666666, 0.0, 0.066666666666666666, -0.066666666666666666, 0.0, 0.066666666666666666, 0.0, 0.066666666666666666, 0.0, -0.066666666666666666, 0.13333333333333333, 0.0, 0.066666666666666666, 0.0, 0.0, 0.066666666666666666, 0.13333333333333333, 0.0, 0.066666666666666666, -0.066666666666666666, 0.13333333333333333, 0.0, -0.066666666666666666, -0.066666666666666666, 0.066666666666666666, 0.066666666666666666, -0.066666666666666666, 0.0, 0.066666666666666666, 0.0, 0.066666666666666666, 0.066666666666666666, 0.0, 0.066666666666666666, 0.0, -0.066666666666666666, 0.13333333333333333, 0.066666666666666666, 0.0, 0.0, 0.066666666666666666, 0.13333333333333333, -0.066666666666666666, 0.0, 0.0, -0.066666666666666666, 0.066666666666666666, 0.0, 0.0, -0.066666666666666666, -0.066666666666666666, 0.066666666666666666, 0.066666666666666666, 0.066666666666666666, 0.0, 0.066666666666666666, 0.0, 0.066666666666666666, 0.066666666666666666, 0.0, 0.066666666666666666, 0.13333333333333333, -0.066666666666666666, 0.0, -0.066666666666666666, 0.0, 0.0, -0.066666666666666666, 0.0, 0.066666666666666666, -0.066666666666666666, 0.13333333333333333, -0.13333333333333333, 0.066666666666666666, -0.066666666666666666, 0.0, 0.0, 0.0, 0.0, -0.13333333333333333, -0.066666666666666666, 0.0, 0.066666666666666666, 0.0, 0.0, 0.066666666666666666, 0.0, -0.066666666666666666, 0.0, 0.066666666666666666, 0.0, 0.066666666666666666, 0.066666666666666666, 0.13333333333333333, 0.066666666666666666, 0.0, 0.066666666666666666, -0.066666666666666666, 0.13333333333333333, 0.0, -0.066666666666666666, -0.066666666666666666, 0.066666666666666666, 0.066666666666666666, -0.066666666666666666, 0.0, 0.066666666666666666, 0.0, 0.066666666666666666, 0.066666666666666666, 0.0, 0.066666666666666666, 0.0, -0.066666666666666666, 0.13333333333333333, 0.066666666666666666, 0.0, 0.0, 0.066666666666666666, 0.13333333333333333, -0.066666666666666666, 0.066666666666666666, 0.0, 0.0, 0.066666666666666666, 0.066666666666666666, -0.066666666666666666, 0.066666666666666666, 0.066666666666666666, 0.0, 0.066666666666666666, -0.13333333333333333, 0.066666666666666666, -0.066666666666666666, -0.13333333333333333, 0.066666666666666666, 0.0, 0.066666666666666666, 0.0, 0.066666666666666666, 0.0, -0.13333333333333333, -0.066666666666666666, 0.0, -0.13333333333333333, 0.066666666666666666, -0.066666666666666666, 0.0, 0.0, 0.0, 0.0, -0.13333333333333333, -0.066666666666666666, 0.0, 0.066666666666666666, 0.0, 0.0, 0.066666666666666666, 0.0, -0.066666666666666666, 0.0, 0.066666666666666666, 0.0, 0.066666666666666666, 0.066666666666666666, 0.13333333333333333, 0.066666666666666666, -0.066666666666666666, 0.066666666666666666, 0.0, 0.0, 0.0, 0.0, 0.13333333333333333, 0.066666666666666666, 0.0, -0.066666666666666666, 0.0, 0.0, -0.066666666666666666, 0.0, 0.066666666666666666, 0.0, -0.066666666666666666, 0.0, -0.066666666666666666, -0.066666666666666666, -0.13333333333333333, -0.066666666666666666, 0.0, -0.066666666666666666, -0.066666666666666666, 0.066666666666666666, 0.066666666666666666, -0.066666666666666666, 0.0, 0.066666666666666666, 0.0, 0.066666666666666666, 0.066666666666666666, 0.0, 0.066666666666666666, 0.0, -0.066666666666666666, 0.13333333333333333, 0.066666666666666666, 0.0, 0.0, 0.066666666666666666, 0.13333333333333333, -0.066666666666666666, -0.066666666666666666, 0.066666666666666666, -0.066666666666666666, 0.066666666666666666, 0.13333333333333333, -0.066666666666666666, 0.0, -0.066666666666666666, 0.066666666666666666, 0.0, -0.066666666666666666, 0.0, -0.066666666666666666, 0.0, 0.066666666666666666, -0.13333333333333333, 0.0, -0.066666666666666666, 0.0, 0.13333333333333333, -0.13333333333333333, 0.0, 0.0, -0.066666666666666666, 0.0, -0.066666666666666666, 0.0, -0.13333333333333333, -0.066666666666666666, 0.0, -0.066666666666666666, 0.13333333333333333, -0.066666666666666666, 0.0, 0.066666666666666666, -0.066666666666666666, 0.0, -0.066666666666666666, -0.13333333333333333, 0.0, 0.0, -0.066666666666666666, 0.0, -0.066666666666666666, 0.0, -0.13333333333333333, -0.066666666666666666, 0.0, -0.066666666666666666, 0.13333333333333333, -0.066666666666666666, 0.0, 0.066666666666666666, -0.066666666666666666, 0.0, -0.066666666666666666, 0.0, 0.0, 0.066666666666666666, 0.0, 0.066666666666666666, 0.0, 0.13333333333333333, 0.066666666666666666, 0.0, 0.066666666666666666, -0.13333333333333333, 0.066666666666666666, 0.0, -0.066666666666666666, 0.066666666666666666, 0.0, 0.066666666666666666, 0.0, -0.066666666666666666, 0.13333333333333333, -0.066666666666666666, 0.13333333333333333, 0.0, -0.066666666666666666, 0.13333333333333333, 0.066666666666666666, 0.0, 0.066666666666666666, 0.0, 0.066666666666666666, -0.066666666666666666, 0.0, 0.066666666666666666, 0.066666666666666666, 0.0, -0.066666666666666666, 0.0, 0.0, -0.066666666666666666, 0.0, 0.066666666666666666, 0.0, -0.066666666666666666, 0.0, -0.066666666666666666, -0.066666666666666666, -0.13333333333333333, -0.066666666666666666, -0.066666666666666666, 0.0, -0.066666666666666666, 0.066666666666666666, 0.0, -0.066666666666666666, 0.0, -0.066666666666666666, 0.0, 0.066666666666666666, -0.13333333333333333, 0.0, -0.066666666666666666, 0.0, -0.066666666666666666, 0.13333333333333333, 0.0, -0.066666666666666666, 0.13333333333333333, 0.066666666666666666, 0.0, 0.066666666666666666, 0.0, 0.066666666666666666, -0.066666666666666666, 0.0, 0.066666666666666666, -0.066666666666666666, 0.066666666666666666, 0.13333333333333333, -0.066666666666666666, 0.0, -0.066666666666666666, 0.0, -0.066666666666666666, 0.0, 0.13333333333333333, 0.066666666666666666, 0.0, 0.0, -0.066666666666666666, 0.13333333333333333, 0.066666666666666666, 0.0, 0.066666666666666666, 0.0, 0.066666666666666666, -0.066666666666666666, 0.0, 0.066666666666666666, 0.066666666666666666, 0.0, 0.066666666666666666, -0.13333333333333333, 0.066666666666666666, 0.0, -0.066666666666666666, 0.066666666666666666, 0.0, 0.066666666666666666, -0.066666666666666666, 0.0, -0.066666666666666666, 0.0, -0.066666666666666666, 0.0, 0.13333333333333333, 0.066666666666666666, 0.0, 0.066666666666666666, 0.0, 0.066666666666666666, 0.0, 0.066666666666666666, -0.066666666666666666, 0.0, 0.066666666666666666, -0.066666666666666666, 0.0, -0.066666666666666666, 0.0, 0.0, -0.066666666666666666, 0.0, -0.066666666666666666, 0.0, 0.066666666666666666, -0.066666666666666666, 0.0, -0.066666666666666666, 0.066666666666666666, 0.0, 0.0, 0.066666666666666666, 0.13333333333333333, -0.066666666666666666, -0.066666666666666666, 0.0, 0.066666666666666666, 0.0, 0.066666666666666666, 0.0, 0.066666666666666666, 0.0, 0.066666666666666666],
        "delta" : [1.0, 1.0, 1.0, 1.0, 1.0, 1.0, 1.0, 1.0, 1.0, 1.0, 1.0, 1.0, 1.0, 1.0, 1.0, 1.0, 1.0, 1.0, 1.0, 1.0, 1.0, 1.0, 1.0, 1.0, 1.0, 1.0, 1.0, 1.0, 1.0, 1.0]
    }
}
