{
    "scalars" : {
        "nq" : 24,
        "lrgs" : 10,
        "t" : 10.0,
        "dt" : 0.1
    },
    "coefficients" : {
        "alpha" : [1, 1, -1, -1, 1, -1, 1, -1, -1, 1, 1, 1, -1, 1, 1, -1, 1, 1, 1, 1, -1, 1, 1, 1],
        "beta" : [0.041666666666666664, -0.041666666666666664, -0.041666666666666664, 0.041666666666666664, 0.041666666666666664, 0.041666666666666664, -0.041666666666666664, 0.125, -0.041666666666666664, -0.041666666666666664, -0.041666666666666664, -0.041666666666666664, -0.041666666666666664, -0.041666666666666664, -0.041666666666666664, 0.041666666666666664, 0.125, -0.041666666666666664, 0.125, -0.041666666666666664, 0.041666666666666664, 0.125, 0.041666666666666664, 0.041666666666666664, -0.125, -0.041666666666666664, -0.041666666666666664, 0.125, 0.041666666666666664, 0.041666666666666664, 0.041666666666666664, 0.041666666666666664, 0.041666666666666664, 0.041666666666666664, 0.041666666666666664, 0.041666666666666664, 0.041666666666666664, 0.125, 0.041666666666666664, 0.041666666666666664, 0.041666666666666664, 0.041666666666666664, -0.041666666666666664, 0.041666666666666664, -0.041666666666666664, -0.041666666666666664, -0.125, -0.125, 0.041666666666666664, -0.041666666666666664, -0.041666666666666664, -0.041666666666666664, -0.041666666666666664, 0.125, -0.041666666666666664, 0.125, -0.041666666666666664, -0.041666666666666664, 0.041666666666666664, -0.041666666666666664, -0.041666666666666664, -0.041666666666666664, 0.125, -0.125, -0.041666666666666664, -0.125, 0.041666666666666664, 0.041666666666666664, -0.125, -0.041666666666666664, -0.041666666666666664, -0.041666666666666664, -0.041666666666666664, -0.041666666666666664, -0.041666666666666664, -0.041666666666666664, -0.041666666666666664, -0.041666666666666664, -0.125, -0.041666666666666664, -0.041666666666666664, -0.041666666666666664, -0.041666666666666664, 0.041666666666666664, -0.041666666666666664, 0.041666666666666664, 0.125, -0.041666666666666664, 0.041666666666666664, 0.041666666666666664, 0.041666666666666664, 0.041666666666666664, -0.125, 0.041666666666666664, -0.125, 0.041666666666666664, 0.041666666666666664, -0.041666666666666664, 0.041666666666666664, 0.041666666666666664, 0.041666666666666664, -0.125, 0.125, 0.041666666666666664, 0.125, -0.041666666666666664, 0.041666666666666664, 0.041666666666666664, 0.041666666666666664, 0.041666666666666664, -0.125, 0.041666666666666664, -0.125, 0.041666666666666664, 0.041666666666666664, -0.041666666666666664, 0.041666666666666664, 0.041666666666666664, 0.041666666666666664, -0.125, 0.125, 0.041666666666666664, 0.125, 0.041666666666666664, 0.041666666666666664, 0.041666666666666664, 0.041666666666666664, 0.041666666666666664, 0.041666666666666664, 0.041666666666666664, 0.041666666666666664, 0.041666666666666664, 0.125, 0.041666666666666664, 0.041666666666666664, 0.041666666666666664, 0.041666666666666664, -0.041666666666666664, 0.041666666666666664, -0.041666666666666664, -0.041666666666666664, 0.125, 0.125, -0.041666666666666664, 0.125, -0.041666666666666664, 0.125, 0.125, 0.041666666666666664, -0.041666666666666664, 0.125, -0.041666666666666664, -0.041666666666666664, 0.041666666666666664, -0.041666666666666664, 0.041666666666666664, -0.041666666666666664, -0.041666666666666664, -0.041666666666666664, -0.041666666666666664, -0.041666666666666664, -0.041666666666666664, -0.041666666666666664, 0.041666666666666664, 0.125, -0.041666666666666664, 0.125, -0.041666666666666664, 0.041666666666666664, 0.125, 0.041666666666666664, 0.125, -0.041666666666666664, 0.125, -0.041666666666666664, 0.125, 0.125, 0.041666666666666664, -0.041666666666666664, 0.125, -0.041666666666666664, -0.041666666666666664, 0.041666666666666664, -0.041666666666666664, 0.041666666666666664, -0.041666666666666664, 0.125, -0.041666666666666664, 0.125, 0.125, 0.041666666666666664, -0.041666666666666664, 0.125, -0.041666666666666664, -0.041666666666666664, 0.041666666666666664, -0.041666666666666664, 0.041666666666666664, -0.041666666666666664, 0.125, -0.041666666666666664, -0.041666666666666664, 0.041666666666666664, -0.041666666666666664, -0.041666666666666664, -0.041666666666666664, 0.125, -0.125, -0.041666666666666664, -0.125, -0.041666666666666664, 0.125, 0.125, 0.041666666666666664, -0.041666666666666664, 0.125, -0.041666666666666664, -0.041666666666666664, 0.041666666666666664, -0.041666666666666664, 0.041666666666666664, -0.041666666666666664, -0.041666666666666664, 0.041666666666666664, -0.041666666666666664, -0.041666666666666664, -0.041666666666666664, 0.125, -0.125, -0.041666666666666664, -0.125, 0.125, 0.041666666666666664, -0.041666666666666664, 0.125, -0.041666666666666664, -0.041666666666666664, 0.041666666666666664, -0.041666666666666664, 0.041666666666666664, 0.041666666666666664, -0.041666666666666664, 0.125, -0.041666666666666664, -0.041666666666666664, 0.041666666666666664, -0.041666666666666664, 0.041666666666666664, 0.041666666666666664, 0.041666666666666664, 0.041666666666666664, 0.041666666666666664, -0.041666666666666664, 0.041666666666666664, -0.041666666666666664, -0.041666666666666664, 0.125, -0.041666666666666664, 0.041666666666666664, 0.125, 0.041666666666666664, -0.041666666666666664, -0.041666666666666664, 0.041666666666666664, -0.041666666666666664, 0.041666666666666664, -0.041666666666666664, 0.041666666666666664, 0.125, 0.041666666666666664, -0.125, -0.041666666666666664, -0.125, 0.041666666666666664, 0.125, 0.041666666666666664],
        "delta" : [1.0, 1.0, 1.0, 1.0, 1.0, 1.0, 1.0, 1.0, 1.0, 1.0, 1.0, 1.0, 1.0, 1.0, 1.0, 1.0, 1.0, 1.0, 1.0, 1.0, 1.0, 1.0, 1.0, 1.0]
    }
}
