{
    "scalars" : {
        "nq" : 30,
        "lrgs" : 10,
        "t" : 10.0,
        "dt" : 0.1
    },
    "coefficients" : {
        "alpha" : [0.84399999999999997, 0.75800000000000001, 0.42099999999999999, 0.25900000000000001, 0.51100000000000001, 0.40500000000000003, 0.78400000000000003, 0.30299999999999999, 0.47699999999999998, 0.58299999999999996, 0.90800000000000003, 0.505, 0.28199999999999997, 0.75600000000000001, 0.61799999999999999, 0.251, 0.91000000000000003, 0.98299999999999998, 0.81000000000000005, 0.90200000000000002, 0.31, 0.72999999999999998, 0.89900000000000002, 0.68400000000000005, 0.47199999999999998, 0.10100000000000001, 0.434, 0.61099999999999999, 0.91300000000000003, 0.96699999999999997],
        "beta" : [0.47699999999999998, 0.86499999999999999, 0.26000000000000001, 0.80500000000000005, 0.54900000000000004, 0.014, 0.71999999999999997, 0.39900000000000002, 0.82499999999999996, 0.66800000000000004, 0.001, 0.49399999999999999, 0.86799999999999999, 0.24399999999999999, 0.32500000000000001, 0.87, 0.191, 0.56799999999999995, 0.23899999999999999, 0.96799999999999997, 0.80300000000000005, 0.44800000000000001, 0.080000000000000002, 0.32000000000000001, 0.50800000000000001, 0.93300000000000005, 0.109, 0.55100000000000005, 0.70699999999999996, 0.54700000000000004, 0.81399999999999995, 0.54000000000000004, 0.96399999999999997, 0.60299999999999998, 0.58799999999999997, 0.44500000000000001, 0.59599999999999997, 0.38500000000000001, 0.57599999999999996, 0.28999999999999998, 0.189, 0.187, 0.61299999999999999, 0.65700000000000003, 0.47699999999999998, 0.089999999999999997, 0.75800000000000001, 0.877, 0.92300000000000004, 0.84199999999999997, 0.89800000000000002, 0.92300000000000004, 0.54100000000000004, 0.39100000000000001, 0.70499999999999996, 0.27600000000000002, 0.81200000000000006, 0.84899999999999998, 0.89500000000000002, 0.58999999999999997, 0.94999999999999996, 0.57999999999999996, 0.45100000000000001, 0.66000000000000003, 0.996, 0.91700000000000004, 0.79300000000000004, 0.082000000000000003, 0.61299999999999999, 0.48599999999999999, 0.63, 0.84499999999999997, 0.24299999999999999, 0.73099999999999998, 0.11700000000000001, 0.22, 0.79500000000000004, 0.33300000000000002, 0.81599999999999995, 0.10100000000000001, 0.14599999999999999, 0.69799999999999995, 0.044999999999999998, 0.57399999999999995, 0.91000000000000003, 0.53400000000000003, 0.68100000000000005, 0.027, 0.63500000000000001, 0.60599999999999998, 0.57599999999999996, 0.39100000000000001, 0.37, 0.98099999999999998, 0.035999999999999997, 0.021999999999999999, 0.96099999999999997, 0.185, 0.124, 0.21099999999999999, 0.80100000000000005, 0.93700000000000006, 0.023, 0.42599999999999999, 0.10199999999999999, 0.26000000000000001, 0.221, 0.64700000000000002, 0.34999999999999998, 0.17999999999999999, 0.504, 0.039, 0.10100000000000001, 0.98799999999999999, 0.19900000000000001, 0.35899999999999999, 0.73199999999999998, 0.83799999999999997, 0.91800000000000004, 0.16900000000000001, 0.67300000000000004, 0.96699999999999997, 0.058000000000000003, 0.67600000000000005, 0.84499999999999997, 0.34200000000000003, 0.251, 0.59699999999999998, 0.442, 0.17499999999999999, 0.47199999999999998, 0.40999999999999998, 0.56899999999999995, 0.50900000000000001, 0.311, 0.35699999999999998, 0.83799999999999997, 0.251, 0.56100000000000005, 0.012, 0.74199999999999999, 0.33600000000000002, 0.045999999999999999, 0.28100000000000003, 0.23999999999999999, 0.95299999999999996, 0.35199999999999998, 0.28799999999999998, 0.35899999999999999, 0.94699999999999995, 0.63400000000000001, 0.621, 0.71599999999999997, 0.38800000000000001, 0.41399999999999998, 0.65100000000000002, 0.002, 0.192, 0.33400000000000002, 0.23899999999999999, 0.63700000000000001, 0.379, 0.875, 0.56799999999999995, 0.41399999999999998, 0.40200000000000002, 0.70199999999999996, 0.41799999999999998, 0.66200000000000003, 0.047, 0.44500000000000001, 0.25900000000000001, 0.158, 0.52800000000000002, 0.48699999999999999, 0.56100000000000005, 0.755, 0.88400000000000001, 0.495, 0.312, 0.46700000000000003, 0.80900000000000005, 0.875, 0.81200000000000006, 0.188, 0.999, 0.63300000000000001, 0.083000000000000004, 0.72599999999999998, 0.98699999999999999, 0.40200000000000002, 0.67900000000000005, 0.316, 0.214, 0.71699999999999997, 0.002, 0.82299999999999995, 0.52800000000000002, 0.098000000000000004, 0.11899999999999999, 0.64900000000000002, 0.874, 0.28000000000000003, 0.97899999999999998, 0.10000000000000001, 0.85399999999999998, 0.39700000000000002, 0.081000000000000003, 0.27500000000000002, 0.45300000000000001, 0.79200000000000004, 0.86099999999999999, 0.13300000000000001, 0.52100000000000002, 0.65100000000000002, 0.34699999999999998, 0.872, 0.27800000000000002, 0.019, 0.041000000000000002, 0.68100000000000005, 0.55800000000000005, 0.94699999999999995, 0.93799999999999994, 0.91000000000000003, 0.042000000000000003, 0.749, 0.70099999999999996, 0.65500000000000003, 0.71199999999999997, 0.90300000000000002, 0.64000000000000001, 0.372, 0.53800000000000003, 0.20799999999999999, 0.58699999999999997, 0.0089999999999999993, 0.151, 0.33300000000000002, 0.79000000000000004, 0.71799999999999997, 0.33800000000000002, 0.621, 0.041000000000000002, 0.16400000000000001, 0.98199999999999998, 0.28999999999999998, 0.39500000000000002, 0.54800000000000004, 0.29299999999999998, 0.47799999999999998, 0.23999999999999999, 0.048000000000000001, 0.17999999999999999, 0.52300000000000002, 0.070999999999999994, 0.40300000000000002, 0.32900000000000001, 0.41499999999999998, 0.099000000000000005, 0.90900000000000003, 0.47399999999999998, 0.84099999999999997, 0.97599999999999998, 0.34399999999999997, 0.47899999999999998, 0.69999999999999996, 0.42699999999999999, 0.30199999999999999, 0.73499999999999999, 0.89400000000000002, 0.92000000000000004, 0.627, 0.376, 0.97499999999999998, 0.63900000000000001, 0.066000000000000003, 0.085000000000000006, 0.75, 0.060999999999999999, 0.0080000000000000002, 0.39400000000000002, 0.51900000000000002, 0.44900000000000001, 0.48899999999999999, 0.58499999999999996, 0.67900000000000005, 0.42299999999999999, 0.36799999999999999, 0.98799999999999999, 0.26100000000000001, 0.77700000000000002, 0.43099999999999999, 0.35899999999999999, 0.064000000000000001, 0.86399999999999999, 0.70199999999999996, 0.90300000000000002, 0.45200000000000001, 0.67700000000000005, 0.11899999999999999, 0.39800000000000002, 0.20699999999999999, 0.042000000000000003, 0.94799999999999995, 0.216, 0.14599999999999999, 0.19800000000000001, 0.378, 0.54600000000000004, 0.151, 0.98899999999999999, 0.98299999999999998, 0.14799999999999999, 0.40600000000000003, 0.68000000000000005, 0.878, 0.495, 0.91700000000000004, 0.32200000000000001, 0.498, 0.499, 0.67000000000000004, 0.20200000000000001, 0.60999999999999999, 0.219, 0.34000000000000002, 0.96299999999999997, 0.89900000000000002, 0.81799999999999995, 0.035000000000000003, 0.14799999999999999, 0.25700000000000001, 0.78400000000000003, 0.84199999999999997, 0.58299999999999996, 0.71799999999999997, 0.80700000000000005, 0.066000000000000003, 0.085000000000000006, 0.86899999999999999, 0.039, 0.22500000000000001, 0.041000000000000002, 0.014999999999999999, 0.84399999999999997, 0.33100000000000002, 0.161, 0.14899999999999999, 0.65600000000000003, 0.96899999999999997, 0.505, 0.90100000000000002, 0.502, 0.57399999999999995, 0.67900000000000005, 0.80500000000000005, 0.75800000000000001, 0.99099999999999999, 0.747, 0.90600000000000003, 0.20599999999999999, 0.53500000000000003, 0.59899999999999998, 0.82599999999999996, 0.48199999999999998, 0.79100000000000004, 0.38900000000000001, 0.58599999999999997, 0.85099999999999998, 0.79800000000000004, 0.65700000000000003, 0.0, 0.182, 0.50700000000000001, 0.254, 0.066000000000000003, 0.85999999999999999, 0.94299999999999995, 0.30299999999999999, 0.40799999999999997, 0.81000000000000005, 0.062, 0.64100000000000001, 0.127, 0.28699999999999998, 0.82999999999999996, 0.056000000000000001, 0.035999999999999997, 