{
    "scalars" : {
        "nq" : 20,
        "lrgs" : 10,
        "t" : 10.0,
        "dt" : 0.1
    },
    "coefficients" : {
        "alpha" : [0.84399999999999997, 0.75800000000000001, 0.42099999999999999, 0.25900000000000001, 0.51100000000000001, 0.40500000000000003, 0.78400000000000003, 0.30299999999999999, 0.47699999999999998, 0.58299999999999996, 0.90800000000000003, 0.505, 0.28199999999999997, 0.75600000000000001, 0.61799999999999999, 0.251, 0.91000000000000003, 0.98299999999999998, 0.81000000000000005, 0.90200000000000002],
        "beta" : [0.31, 0.72999999999999998, 0.89900000000000002, 0.68400000000000005, 0.47199999999999998, 0.10100000000000001, 0.434, 0.61099999999999999, 0.91300000000000003, 0.96699999999999997, 0.47699999999999998, 0.86499999999999999, 0.26000000000000001, 0.80500000000000005, 0.54900000000000004, 0.014, 0.71999999999999997, 0.39900000000000002, 0.82499999999999996, 0.66800000000000004, 0.001, 0.49399999999999999, 0.86799999999999999, 0.24399999999999999, 0.32500000000000001, 0.87, 0.191, 0.56799999999999995, 0.23899999999999999, 0.96799999999999997, 0.80300000000000005, 0.44800000000000001, 0.080000000000000002, 0.32000000000000001, 0.50800000000000001, 0.93300000000000005, 0.109, 0.55100000000000005, 0.70699999999999996, 0.54700000000000004, 0.81399999999999995, 0.54000000000000004, 0.96399999999999997, 0.60299999999999998, 0.58799999999999997, 0.44500000000000001, 0.59599999999999997, 0.38500000000000001, 0.57599999999999996, 0.28999999999999998, 0.189, 0.187, 0.61299999999999999, 0.65700000000000003, 0.47699999999999998, 0.089999999999999997, 0.75800000000000001, 0.877, 0.92300000000000004, 0.84199999999999997, 0.89800000000000002, 0.92300000000000004, 0.54100000000000004, 0.39100000000000001, 0.70499999999999996, 0.27600000000000002, 0.81200000000000006, 0.84899999999999998, 0.89500000000000002, 0.58999999999999997, 0.94999999999999996, 0.57999999999999996, 0.45100000000000001, 0.66000000000000003, 0.996, 0.91700000000000004, 0.79300000000000004, 0.082000000000000003, 0.61299999999999999, 0.48599999999999999, 0.63, 0.84499999999999997, 0.24299999999999999, 0.73099999999999998, 0.11700000000000001, 0.22, 0.79500000000000004, 0.33300000000000002, 0.81599999999999995, 0.10100000000000001, 0.14599999999999999, 0.69799999999999995, 0.044999999999999998, 0.57399999999999995, 0.91000000000000003, 0.53400000000000003, 0.68100000000000005, 0.027, 0.63500000000000001, 0.60599999999999998, 0.57599999999999996, 0.39100000000000001, 0.37, 0.98099999999999998, 0.035999999999999997, 0.021999999999999999, 0.96099999999999997, 0.185, 0.124, 0.21099999999999999, 0.80100000000000005, 0.93700000000000006, 0.023, 0.42599999999999999, 0.10199999999999999, 0.26000000000000001, 0.221, 0.64700000000000002, 0.34999999999999998, 0.17999999999999999, 0.504, 0.039, 0.10100000000000001, 0.98799999999999999, 0.19900000000000001, 0.35899999999999999, 0.73199999999999998, 0.83799999999999997, 0.91800000000000004, 0.16900000000000001, 0.67300000000000004, 0.96699999999999997, 0.058000000000000003, 0.67600000000000005, 0.84499999999999997, 0.34200000000000003, 0.251, 0.59699999999999998, 0.442, 0.17499999999999999, 0.47199999999999998, 0.40999999999999998, 0.56899999999999995, 0.50900000000000001, 0.311, 0.35699999999999998, 0.83799999999999997, 0.251, 0.56100000000000005, 0.012, 0.74199999999999999, 0.33600000000000002, 0.045999999999999999, 0.28100000000000003, 0.23999999999999999, 0.95299999999999996, 0.35199999999999998, 0.28799999999999998, 0.35899999999999999, 0.94699999999999995, 0.63400000000000001, 0.621, 0.71599999999999997, 0.38800000000000001, 0.41399999999999998, 0.65100000000000002, 0.002, 0.192, 0.33400000000000002, 0.23899999999999999, 0.63700000000000001, 0.379, 0.875, 0.56799999999999995, 0.41399999999999998, 0.40200000000000002, 0.70199999999999996, 0.41799999999999998, 0.66200000000000003, 0.047, 0.44500000000000001, 0.25900000000000001, 0.158, 0.52800000000000002, 0.48699999999999999, 0.56100000000000005, 0.755, 0.88400000000000001, 0.495, 0.312],
        "delta" : [1.0, 1.0, 1.0, 1.0, 1.0, 1.0, 1.0, 1.0, 1.0, 1.0, 1.0, 1.0, 1.0, 1.0, 1.0, 1.0, 1.0, 1.0, 1.0, 1.0]
    }
}
